AppointmentID,PatientID,DoctorID,Date,Time,Appointment Status,Appointment Outcome,
1,P1003,D001,2025-02-02,11:00,11:30,PENDING,null
2,P1002,D002,2024-11-08,6:00,6:30,PENDING,You are advised to take rest
3,P1001,D001,2024-11-09,7:00,7:30,CANCELLED,Consider lifestyle changes
4,P1003,D001,2024-11-10,8:00,8:30,CANCELLED,Reviewed with no further action
5,P1002,D001,2024-11-11,9:00,9:30,CONFIRMED,Follow-up scheduled
6,P1003,D001,2024-11-12,10:00,10:30,CANCELLED,Medication adjustment required
7,P1003,D002,2025-01-01,10:00,10:30,CANCELLED,Appointment rescheduled by patient
8,P1001,D001,2023-12-13,14:00,14:30,CONFIRMED,Test results reviewed
9,P1002,D001,2025-12-13,9:00,9:30,PENDING,Awaiting additional test results
10,P1001,D001,2024-12-31,14:00,14:30,PENDING,Pending approval from the doctor
11,P1003,D001,2024-12-13,14:00,14:30,PENDING,Under observation
12,P1001,D001,2024-11-15,14:00,14:30,PENDING,Waiting for confirmation
13,P1002,D001,2025-12-16,11:00,11:30,PENDING,Further consultation required
14,P1001,D001,2024-12-19,14:00,14:30,CONFIRMED,Review completed successfully
15,P1002,D001,2024-12-31,10:00,10:30,PENDING,NULL
16,P1001,D002,2025-03-03,3:00,3:30,PENDING,NULL
