UserID, Password, Name, Role, Gender, Age, Email, Phone
D001,password,John Smith,DOCTOR,MALE,45,alice.brown@example.com,77777777
D002,password,Emily Clarke,DOCTOR,FEMALE,38,alice.brown@example.com,66666666
P001,password,Mark Lee,PHARMACIST,MALE,29,alice.brown@example.com,0
A001,password,Sarah Lee,ADMINISTRATOR,FEMALE,40,alice.brown@example.com,11111111
D003,password,Ethan,DOCTOR,MALE,21,keerthi@gmail.com,81234569
D004,password,gui shan,DOCTOR,MALE,22,tanguishan@gmail.com,91234567
A002,password,jon tang,ADMINISTRATOR,FEMALE,41,jjjjtang@gmail.com,83693698
