MedicalRecordID,PatientID,DateOfDiagnosis,Diagnosis,Prescription,PrescriptionStatus
17,P1001,2020-01-01,Heart Disease,Aspirin,false
18,P1002,2020-01-02,Diabetes,Insulin,false
19,P1003,2020-01-03,Diabetes,Insulin,false
20,P1002,2020-01-04,Diabetes,Insulin,false
21,P1001,2025-01-05,Heart Disease,Aspirin,false
22,P1003,2020-01-06,Heart Disease,Aspirin,false
23,P1001,2020-01-07,Heart Disease,Aspirin,false
24,P1002,2020-01-08,fungal infection,Amoxicillin,false
25,P1003,2020-01-09,fungal infection,Amoxicillin,true
26,P1001,2020-01-10,fungal infection,Amoxicillin,false
27,P1002,2025-01-11,Allergy,Cetrizine,false
28,P1003,2025-01-12,Allergy,Cetrizine,true
29,P1001,2025-01-13,Allergy,Cetrizine,false
30,P1002,2025-01-14,Headache,Paracet,false
31,P1003,2025-01-15,Headache,Paracet,true
32,P1001,2025-01-16,Headache,Paracet,false
