PatientID,DateOfDiagnosis,Diagnosis,Prescription,PrescriptionStatus
P1003,2000-05-14,Flu,Glue,TRUE
P1003,2000-05-17,Addiction,Nicotine,FALSE
P1003,2020-01-23,druggy,drug,FALSE
P1002,2020-01-01,meow,meow,TRUE
P1003,2002-10-20,fight club,ethan,FALSE
P1003,2024-10-14,stupid,ethan,FALSE
P1003,2024-10-24,dumb dumb,need eat more drug,FALSE
P1003,2024-10-12,druggy,meo,FALSE
P1001,2024-04-04,u are dead,hopeless,FALSE
P1002,2024-11-16,see u tmr ,only god can save u ,true
P1002,2024-11-15,heart attack,eat med till die,true
<<<<<<< Updated upstream
P1003,2024-11-15,stupid,dumbpills,false
=======
P1001,2024-11-15,flu,sinus med,false
>>>>>>> Stashed changes
